Workbook

Sheet Shopping List
A1: Shopping List
A2: Item Needed | B2: Quantity Needed

Sheet Cart Calculator
A1: Shopping Calculator | D1: Total | E1: =SUM(E4:E1001) -> 565.8557
A2: Total Tax Rate | C2: 0.0675
A3: Item Description | B3: Item Listed Price | C3: Quantity | D3: Taxable | E3: Item Total Price
A4: Roomba | B4: 349.99 | C4: 1 | D4: TRUE | E4: =IF('Cart Calculator'!$D4=TRUE,('Cart Calculator'!$B4*'Cart Calculator'!$C4)*(1+$C$2),'Cart Calculator'!$B4*'Cart Calculator'!$C4) -> 373.61432
A5: Pet food | B5: 26.99 | C5: 1 | D5: TRUE | E5: =IF('Cart Calculator'!$D5=TRUE,('Cart Calculator'!$B5*'Cart Calculator'!$C5)*(1+$C$2),'Cart Calculator'!$B5*'Cart Calculator'!$C5) -> 28.811825
A6: Pet food | B6: 31.99 | C6: 1 | D6: TRUE | E6: =IF('Cart Calculator'!$D6=TRUE,('Cart Calculator'!$B6*'Cart Calculator'!$C6)*(1+$C$2),'Cart Calculator'!$B6*'Cart Calculator'!$C6) -> 34.149325
A7: Milk | B7: 2.59 | C7: 2 | D7: FALSE | E7: =IF('Cart Calculator'!$D7=TRUE,('Cart Calculator'!$B7*'Cart Calculator'!$C7)*(1+$C$2),'Cart Calculator'!$B7*'Cart Calculator'!$C7) -> 5.18
A8: Tide pods | B8: 30.99 | C8: 1 | D8: TRUE | E8: =IF('Cart Calculator'!$D8=TRUE,('Cart Calculator'!$B8*'Cart Calculator'!$C8)*(1+$C$2),'Cart Calculator'!$B8*'Cart Calculator'!$C8) -> 33.081825
A9: Melania trump drink | B9: 19.99 | C9: 1 | D9: TRUE | E9: =IF('Cart Calculator'!$D9=TRUE,('Cart Calculator'!$B9*'Cart Calculator'!$C9)*(1+$C$2),'Cart Calculator'!$B9*'Cart Calculator'!$C9) -> 21.339325
A10: Coke | B10: 35.69 | C10: 1 | D10: TRUE | E10: =IF('Cart Calculator'!$D10=TRUE,('Cart Calculator'!$B10*'Cart Calculator'!$C10)*(1+$C$2),'Cart Calculator'!$B10*'Cart Calculator'!$C10) -> 38.099075
A11: Cold brew | B11: 15.79 | C11: 2 | D11: FALSE | E11: =IF('Cart Calculator'!$D11=TRUE,('Cart Calculator'!$B11*'Cart Calculator'!$C11)*(1+$C$2),'Cart Calculator'!$B11*'Cart Calculator'!$C11) -> 31.58
D12: FALSE | E12: =IF('Cart Calculator'!$D12=TRUE,('Cart Calculator'!$B12*'Cart Calculator'!$C12)*(1+$C$2),'Cart Calculator'!$B12*'Cart Calculator'!$C12) -> 0
D13: FALSE | E13: =IF('Cart Calculator'!$D13=TRUE,('Cart Calculator'!$B13*'Cart Calculator'!$C13)*(1+$C$2),'Cart Calculator'!$B13*'Cart Calculator'!$C13) -> 0
D14: FALSE | E14: =IF('Cart Calculator'!$D14=TRUE,('Cart Calculator'!$B14*'Cart Calculator'!$C14)*(1+$C$2),'Cart Calculator'!$B14*'Cart Calculator'!$C14) -> 0
D15: FALSE | E15: =IF('Cart Calculator'!$D15=TRUE,('Cart Calculator'!$B15*'Cart Calculator'!$C15)*(1+$C$2),'Cart Calculator'!$B15*'Cart Calculator'!$C15) -> 0
D16: FALSE | E16: =IF('Cart Calculator'!$D16=TRUE,('Cart Calculator'!$B16*'Cart Calculator'!$C16)*(1+$C$2),'Cart Calculator'!$B16*'Cart Calculator'!$C16) -> 0
D17: FALSE | E17: =IF('Cart Calculator'!$D17=TRUE,('Cart Calculator'!$B17*'Cart Calculator'!$C17)*(1+$C$2),'Cart Calculator'!$B17*'Cart Calculator'!$C17) -> 0
D18: FALSE | E18: =IF('Cart Calculator'!$D18=TRUE,('Cart Calculator'!$B18*'Cart Calculator'!$C18)*(1+$C$2),'Cart Calculator'!$B18*'Cart Calculator'!$C18) -> 0
D19: FALSE | E19: =IF('Cart Calculator'!$D19=TRUE,('Cart Calculator'!$B19*'Cart Calculator'!$C19)*(1+$C$2),'Cart Calculator'!$B19*'Cart Calculator'!$C19) -> 0
D20: FALSE | E20: =IF('Cart Calculator'!$D20=TRUE,('Cart Calculator'!$B20*'Cart Calculator'!$C20)*(1+$C$2),'Cart Calculator'!$B20*'Cart Calculator'!$C20) -> 0
D21: FALSE | E21: =IF('Cart Calculator'!$D21=TRUE,('Cart Calculator'!$B21*'Cart Calculator'!$C21)*(1+$C$2),'Cart Calculator'!$B21*'Cart Calculator'!$C21) -> 0
D22: FALSE | E22: =IF('Cart Calculator'!$D22=TRUE,('Cart Calculator'!$B22*'Cart Calculator'!$C22)*(1+$C$2),'Cart Calculator'!$B22*'Cart Calculator'!$C22) -> 0
D23: FALSE | E23: =IF('Cart Calculator'!$D23=TRUE,('Cart Calculator'!$B23*'Cart Calculator'!$C23)*(1+$C$2),'Cart Calculator'!$B23*'Cart Calculator'!$C23) -> 0
... D1001: FALSE | E1001: =IF('Cart Calculator'!$D1001=TRUE,('Cart Calculator'!$B1001*'Cart Calculator'!$C1001)*(1+$C$2),'Cart Calculator'!$B1001*'Cart Calculator'!$C1001) -> 0
